"","name","rating","href","num_review"
"2","Adria Airways",3.5,"/Airline_Review-d8728984-Reviews-Adria-Airways",528
"3","Aegean Airlines",4.5,"/Airline_Review-d8728985-Reviews-Aegean-Airlines",8565
"4","Aer Lingus",3.5,"/Airline_Review-d8728986-Reviews-Aer-Lingus",8799
"5","Aero Mongolia",3,"/Airline_Review-d13804006-Reviews-Aero-Mongolia",11
"6","Aeroflot",4,"/Airline_Review-d8728987-Reviews-Aeroflot",-2
"7","Aerogaviota",3,"/Airline_Review-d11831132-Reviews-Aerogaviota",22
"8","Aerolinea de Antioquia",2.5,"/Airline_Review-d11831129-Reviews-Aerolinea-De-Antioquia",11
"9","Aerolineas Argentinas",4,"/Airline_Review-d8728988-Reviews-Aerolineas-Argentinas",11651
"10","Aeromar",3,"/Airline_Review-d8728874-Reviews-Aeromar",273
"11","Aeromexico",3.5,"/Airline_Review-d8728989-Reviews-Aeromexico",7869
"12","Africa World Airlines",4,"/Airline_Review-d15052985-Reviews-Africa-World-Airlines",-2
"13","African Express Airways",3.5,"/Airline_Review-d8728990-Reviews-African-Express-Airways",16
"14","Afriqiyah Airways",2.5,"/Airline_Review-d8728991-Reviews-Afriqiyah-Airways",9
"15","Aigle Azur",2.5,"/Airline_Review-d8728992-Reviews-Aigle-Azur",-2
"16","Air Algerie",2.5,"/Airline_Review-d8728993-Reviews-Air-Algerie",352
"17","Air Antilles",2,"/Airline_Review-d11831112-Reviews-Air-Antilles",92
"18","Air Arabia",3,"/Airline_Review-d8728994-Reviews-Air-Arabia",1215
"19","Air Astana",4,"/Airline_Review-d8728936-Reviews-Air-Astana",965
"20","Air Austral",3.5,"/Airline_Review-d8728995-Reviews-Air-Austral",1048
"21","Air Bagan",3,"/Airline_Review-d10533085-Reviews-Air-Bagan",-2
"22","Air Baltic",3.5,"/Airline_Review-d8728996-Reviews-Air-Baltic",10673
"23","air berlin [no longer operating]",3,"/Airline_Review-d8729015-Reviews-Air-Berlin-No-Longer-Operating",4153
"24","Air Botswana",3,"/Airline_Review-d8728997-Reviews-Air-Botswana",71
"25","Air Burkina",3,"/Airline_Review-d8728875-Reviews-Air-Burkina",18
"26","Air Busan",4,"/Airline_Review-d10533114-Reviews-Air-Busan",239
"27","Air Cairo",3,"/Airline_Review-d8728938-Reviews-Air-Cairo",913
"28","Air Canada",3.5,"/Airline_Review-d8728998-Reviews-Air-Canada",19443
"29","Air Canada Rouge",3,"/Airline_Review-d8808634-Reviews-Air-Canada-Rouge",5734
"30","Air Caraibes",3,"/Airline_Review-d8728999-Reviews-Air-Caraibes",1744
"31","Air Century",5,"/Airline_Review-d14190654-Reviews-Air-Century",6
"32","Air Changan",4,"/Airline_Review-d13803998-Reviews-Air-Changan",1
"33","Air Chathams",5,"/Airline_Review-d10816897-Reviews-Air-Chathams",62
"34","Air China",3,"/Airline_Review-d8729000-Reviews-Air-China",4424
"35","Air Choice One",4,"/Airline_Review-d11831102-Reviews-Air-Choice-One",34
"36","Air Corsica",4,"/Airline_Review-d10816886-Reviews-Air-Corsica",389
"37","Air Costa (no longer operating)",3,"/Airline_Review-d10533082-Reviews-Air-Costa-No-Longer-Operating",37
"38","Air Cote d'Ivoire",3,"/Airline_Review-d12665304-Reviews-Air-Cote-DIvoire",44
"39","Air Do",4,"/Airline_Review-d12280238-Reviews-Air-Do",96
"40","Air Dolomiti",4,"/Airline_Review-d8729001-Reviews-Air-Dolomiti",700
"41","Air Europa",3,"/Airline_Review-d8729002-Reviews-Air-Europa",7385
"42","Air Flamenco",3.5,"/Airline_Review-d10533083-Reviews-Air-Flamenco",28
"43","Air France",3.5,"/Airline_Review-d8729003-Reviews-Air-France",24593
"44","Air Greenland",3.5,"/Airline_Review-d8728902-Reviews-Air-Greenland",115
"45","Air Guilin",2,"/Airline_Review-d13804003-Reviews-Air-Guilin",1
"46","Air Iceland Connect (**this is not Icelandair**)",4,"/Airline_Review-d10533124-Reviews-Air-Iceland-Connect-This-Is-Not-Icelandair",207
"47","Air India",3.5,"/Airline_Review-d8729004-Reviews-Air-India",-2
"48","Air India Express",3,"/Airline_Review-d8729194-Reviews-Air-India-Express",280
"49","Air Italy",3,"/Airline_Review-d8728886-Reviews-Air-Italy",2729
"50","Air Juan",3,"/Airline_Review-d14190680-Reviews-Air-Juan",23
"51","Air KBZ",4,"/Airline_Review-d10533084-Reviews-Air-KBZ",280
"52","Air Koryo",3.5,"/Airline_Review-d8729005-Reviews-Air-Koryo",64
"53","Air Kyrgyzstan",3,"/Airline_Review-d8728970-Reviews-Air-Kyrgyzstan",6
"54","Air Macau",3,"/Airline_Review-d12124797-Reviews-Air-Macau",139
"55","Air Madagascar",2.5,"/Airline_Review-d8729006-Reviews-Air-Madagascar",271
"56","Air Malta",3.5,"/Airline_Review-d8729007-Reviews-Air-Malta",2015
"57","Air Manas",4,"/Airline_Review-d13804012-Reviews-Air-Manas",7
"58","Air Mauritius",3.5,"/Airline_Review-d8729008-Reviews-Air-Mauritius",1724
"59","Air Mediterranean",2.5,"/Airline_Review-d13150558-Reviews-Air-Mediterranean",121
"60","Air Moldova",3,"/Airline_Review-d10823596-Reviews-Air-Moldova",242
"61","Air Namibia",3.5,"/Airline_Review-d8729009-Reviews-Air-Namibia",519
"62","Air New Zealand",4.5,"/Airline_Review-d8729010-Reviews-Air-New-Zealand",10334
"63","Air Niugini",3.5,"/Airline_Review-d8729011-Reviews-Air-Niugini",149
"64","Air North (Canada)",5,"/Airline_Review-d10816875-Reviews-Air-North-Canada",206
"65","Air Nostrum",3.5,"/Airline_Review-d11831113-Reviews-Air-Nostrum",342
"66","Air Panama",3,"/Airline_Review-d11831111-Reviews-Air-Panama",154
"67","Air Peace",3,"/Airline_Review-d15053196-Reviews-Air-Peace",16
"68","Air Pegasus (no longer operating)",3.5,"/Airline_Review-d10533092-Reviews-Air-Pegasus-No-Longer-Operating",115
"69","Air Rarotonga",4.5,"/Airline_Review-d12280244-Reviews-Air-Rarotonga",39
"70","Air Saint Pierre",4.5,"/Airline_Review-d13635954-Reviews-Air-Saint-Pierre",6
"71","Air Seoul",3.5,"/Airline_Review-d12280232-Reviews-Air-Seoul",119
"72","Air Serbia",3.5,"/Airline_Review-d8729096-Reviews-Air-Serbia",1227
"73","Air Seychelles",3.5,"/Airline_Review-d8729012-Reviews-Air-Seychelles",543
"74","Air Tahiti",4,"/Airline_Review-d10533095-Reviews-Air-Tahiti",244
"75","Air Tahiti Nui",3.5,"/Airline_Review-d8729013-Reviews-Air-Tahiti-Nui",1239
"76","Air Transat",3.5,"/Airline_Review-d8729014-Reviews-Air-Transat",8037
"77","Air Vanuatu",4,"/Airline_Review-d8729190-Reviews-Air-Vanuatu",297
"78","Air VIA [no longer operating]",2,"/Airline_Review-d8728947-Reviews-Air-VIA-No-Longer-Operating",83
"79","Air Zimbabwe",2,"/Airline_Review-d11831119-Reviews-Air-Zimbabwe",54
"80","AirAsia - AirAsia Berhad (Malaysia)",3.5,"/Airline_Review-d8729220-Reviews-AirAsia-AirAsia-Berhad-Malaysia",-2
"81","AirAsia - AirAsia India",3,"/Airline_Review-d8728894-Reviews-AirAsia-AirAsia-India",-2
"82","AirAsia - AirAsia Japan",3.5,"/Airline_Review-d8728895-Reviews-AirAsia-AirAsia-Japan",60
"83","AirAsia - AirAsia X Berhad (Malaysia)",3.5,"/Airline_Review-d8728893-Reviews-AirAsia-AirAsia-X-Berhad-Malaysia",1599
"84","AirAsia - Indonesia AirAsia",3.5,"/Airline_Review-d8728920-Reviews-AirAsia-Indonesia-AirAsia",2208
"85","AirAsia - Philippines AirAsia",3,"/Airline_Review-d8728918-Reviews-AirAsia-Philippines-AirAsia",744
"86","AirAsia - Thai AirAsia",3.5,"/Airline_Review-d8728898-Reviews-AirAsia-Thai-AirAsia",4664
"87","AirAsia - Thai AirAsia X",3.5,"/Airline_Review-d12280240-Reviews-AirAsia-Thai-AirAsia-X",156
"88","Airblue",3,"/Airline_Review-d8728892-Reviews-Airblue",41
"89","Aircalin",3.5,"/Airline_Review-d8728975-Reviews-Aircalin",247
"90","AirKenya Express",3,"/Airline_Review-d14190664-Reviews-AirKenya-Express",-2
"91","Airlink",4,"/Airline_Review-d8729016-Reviews-Airlink",260
"92","Airnorth (Australia)",4,"/Airline_Review-d8728876-Reviews-Airnorth-Australia",182
"93","AirSWIFT",3.5,"/Airline_Review-d11831124-Reviews-AirSWIFT",196
"94","Alaska Airlines",4.5,"/Airline_Review-d8729017-Reviews-Alaska-Airlines",11774
"95","Alaska Seaplanes",4.5,"/Airline_Review-d10816877-Reviews-Alaska-Seaplanes",23
"96","Alba Star",3,"/Airline_Review-d10823587-Reviews-Alba-Star",517
"97","Alexandria Airlines",1,"/Airline_Review-d8728966-Reviews-Alexandria-Airlines",-1
"98","Alitalia",3.5,"/Airline_Review-d8729018-Reviews-Alitalia",15201
"99","Allegiant Air",3.5,"/Airline_Review-d8729019-Reviews-Allegiant-Air",7208
"100","Alliance Airlines",4,"/Airline_Review-d12878327-Reviews-Alliance-Airlines",57
"101","AlMasria Universal",2.5,"/Airline_Review-d15053145-Reviews-AlMasria-Universal",54
"102","ALROSA",3.5,"/Airline_Review-d13635955-Reviews-ALROSA",7
"103","Alsie Express",5,"/Airline_Review-d11831130-Reviews-Alsie-Express",21
"104","Amazonas",3.5,"/Airline_Review-d10533120-Reviews-Amazonas",186
"105","American Airlines",3.5,"/Airline_Review-d8729020-Reviews-American-Airlines",51894
"106","ANA (All Nippon Airways)",4.5,"/Airline_Review-d8729021-Reviews-ANA-All-Nippon-Airways",7901
"107","AnadoluJet",4,"/Airline_Review-d8729208-Reviews-AnadoluJet",402
"108","Andes Lineas Aereas",2.5,"/Airline_Review-d12665305-Reviews-Andes-Lineas-Aereas",665
"109","Angara Airlines",4,"/Airline_Review-d12280235-Reviews-Angara-Airlines",9
"110","Anguilla Air Services",5,"/Airline_Review-d12124796-Reviews-Anguilla-Air-Services",94
"111","Ariana Afghan Airlines",2.5,"/Airline_Review-d8729022-Reviews-Ariana-Afghan-Airlines",6
"112","Arik Air",2,"/Airline_Review-d8728955-Reviews-Arik-Air",108
"113","Arkia Israel Airlines",3,"/Airline_Review-d8729023-Reviews-Arkia-Israel-Airlines",489
"114","Aruba Airlines",2.5,"/Airline_Review-d12280236-Reviews-Aruba-Airlines",73
"115","Aserca Airlines (no longer operating)",3,"/Airline_Review-d8728877-Reviews-Aserca-Airlines-No-Longer-Operating",73
"116","Asia Atlantic Airlines",3.5,"/Airline_Review-d13804005-Reviews-Asia-Atlantic-Airlines",6
"117","Asiana Airlines",4,"/Airline_Review-d8729024-Reviews-Asiana-Airlines",2837
"118","ASKY Airlines",2.5,"/Airline_Review-d12280239-Reviews-ASKY-Airlines",45
"119","ASL France",3,"/Airline_Review-d12124799-Reviews-ASL-France",362
"120","Astra Airlines",3,"/Airline_Review-d10816890-Reviews-Astra-Airlines",172
"121","ATA Airlines (Iran)",2.5,"/Airline_Review-d10823591-Reviews-ATA-Airlines-Iran",-2
"122","Atlantic Airways",4.5,"/Airline_Review-d8729025-Reviews-Atlantic-Airways",-2
"123","Atlas Air",3.5,"/Airline_Review-d8729026-Reviews-Atlas-Air",32
"124","Atlas Atlantique [no longer operating]",1,"/Airline_Review-d12878328-Reviews-Atlas-Atlantique-No-Longer-Operating",-1
"125","AtlasGlobal",3.5,"/Airline_Review-d8729211-Reviews-AtlasGlobal",876
"126","Aurigny",4,"/Airline_Review-d10533109-Reviews-Aurigny",286
"127","Aurora",4,"/Airline_Review-d10823590-Reviews-Aurora",45
"128","Austral Lineas Aereas",4,"/Airline_Review-d10823586-Reviews-Austral-Lineas-Aereas",158
"129","Austrian Airlines",4,"/Airline_Review-d8729027-Reviews-Austrian-Airlines",5891
"130","Avianca",4,"/Airline_Review-d8729028-Reviews-Avianca",-2
"131","Avior Airlines",2.5,"/Airline_Review-d11831110-Reviews-Avior-Airlines",162
"132","Azerbaijan Airlines",4,"/Airline_Review-d8729029-Reviews-Azerbaijan-Airlines",-2
"133","Azimuth",4,"/Airline_Review-d13150559-Reviews-Azimuth",-2
"134","Aztec Airways",4,"/Airline_Review-d10533094-Reviews-Aztec-Airways",-2
"135","Azul",4.5,"/Airline_Review-d8728972-Reviews-Azul",-2
"136","Azur Air",3,"/Airline_Review-d13150560-Reviews-Azur-Air",1034
"137","Bahamasair",2.5,"/Airline_Review-d8729030-Reviews-Bahamasair",368
"138","Bangkok Airways",4,"/Airline_Review-d8729031-Reviews-Bangkok-Airways",3467
"139","Bassaka Air",4,"/Airline_Review-d10816874-Reviews-Bassaka-Air",92
"140","Batik Air",3.5,"/Airline_Review-d10661150-Reviews-Batik-Air",916
"141","Bayon Airlines",3,"/Airline_Review-d10816888-Reviews-Bayon-Airlines",33
"142","Bearskin Airlines",3,"/Airline_Review-d8728904-Reviews-Bearskin-Airlines",4
"143","Beijing Capital Airlines",3.5,"/Airline_Review-d8729196-Reviews-Beijing-Capital-Airlines",67
"144","Bek Air",3,"/Airline_Review-d12976995-Reviews-Bek-Air",15
"145","Belavia Belarusian Airlines",4,"/Airline_Review-d8729032-Reviews-Belavia-Belarusian-Airlines",794
"146","Bhutan Airlines",4.5,"/Airline_Review-d8728983-Reviews-Bhutan-Airlines",107
"147","Biman Bangladesh Airlines",3,"/Airline_Review-d8729033-Reviews-Biman-Bangladesh-Airlines",266
"148","Binter",4,"/Airline_Review-d8729034-Reviews-Binter",-2
"149","Blue Air",3.5,"/Airline_Review-d8729035-Reviews-Blue-Air",2399
"150","Blue Islands Air",3,"/Airline_Review-d8729036-Reviews-Blue-Islands-Air",79
"151","Blue Panorama Airlines",2.5,"/Airline_Review-d8729037-Reviews-Blue-Panorama-Airlines",2668
"152","Boliviana de Aviacion",3.5,"/Airline_Review-d10661142-Reviews-Boliviana-De-Aviacion",324
"153","Borajet [no longer operating]",3.5,"/Airline_Review-d10823595-Reviews-Borajet-No-Longer-Operating",33
"154","Boutique Air",2.5,"/Airline_Review-d12878329-Reviews-Boutique-Air",108
"155","BRA (Braathens Regional Airways AB)",3.5,"/Airline_Review-d10533100-Reviews-BRA-Braathens-Regional-Airways-AB",191
"156","British Airways",3.5,"/Airline_Review-d8729039-Reviews-British-Airways",40894
"157","Brussels Airlines",3.5,"/Airline_Review-d8729040-Reviews-Brussels-Airlines",5684
"158","Buddha Air",3.5,"/Airline_Review-d8729191-Reviews-Buddha-Air",134
"159","Bulgaria Air",3.5,"/Airline_Review-d8729041-Reviews-Bulgaria-Air",633
"160","Buta Airways",4,"/Airline_Review-d13635956-Reviews-Buta-Airways",57
"161","Calafia Airlines",4,"/Airline_Review-d11831126-Reviews-Calafia-Airlines",69
"162","CalmAir International",3.5,"/Airline_Review-d8728878-Reviews-CalmAir-International",21
"163","Cambodia Angkor Air",3,"/Airline_Review-d10533106-Reviews-Cambodia-Angkor-Air",601
"164","Canadian North",4,"/Airline_Review-d8728879-Reviews-Canadian-North",47
"165","Canaryfly",4,"/Airline_Review-d10816892-Reviews-Canaryfly",-2
"166","Cape Air",3.5,"/Airline_Review-d8729044-Reviews-Cape-Air",224
"167","Caribbean Airlines",3.5,"/Airline_Review-d8728962-Reviews-Caribbean-Airlines",587
"168","Caspian Airlines",3,"/Airline_Review-d8729045-Reviews-Caspian-Airlines",26
"169","Cathay Dragon (Dragonair)",4,"/Airline_Review-d8729063-Reviews-Cathay-Dragon-Dragonair",1338
"170","Cathay Pacific",4,"/Airline_Review-d8729046-Reviews-Cathay-Pacific",12670
"171","Cayman Airways",4,"/Airline_Review-d8729047-Reviews-Cayman-Airways",219
"172","Cebu Pacific Air",3,"/Airline_Review-d8729048-Reviews-Cebu-Pacific-Air",2704
"173","CemAir",3.5,"/Airline_Review-d8728964-Reviews-CemAir",153
"174","Central Mountain Air",3.5,"/Airline_Review-d8728911-Reviews-Central-Mountain-Air",46
"175","Cham Wings",4.5,"/Airline_Review-d12878336-Reviews-Cham-Wings",-2
"176","Chengdu Airlines",3,"/Airline_Review-d8729197-Reviews-Chengdu-Airlines",7
"177","China Airlines",4,"/Airline_Review-d8729049-Reviews-China-Airlines",3167
"178","China Eastern Airlines",3,"/Airline_Review-d8729050-Reviews-China-Eastern-Airlines",3792
"179","China Express Airlines",4.5,"/Airline_Review-d8728957-Reviews-China-Express-Airlines",5
"180","China Southern Airlines",3.5,"/Airline_Review-d8729051-Reviews-China-Southern-Airlines",3854
"181","China United Airlines",3.5,"/Airline_Review-d8729198-Reviews-China-United-Airlines",22
"182","Chongqing Airlines",3,"/Airline_Review-d8729052-Reviews-Chongqing-Airlines",6
"183","Cinnamon Air",4.5,"/Airline_Review-d11831101-Reviews-Cinnamon-Air",14
"184","Citilink",4,"/Airline_Review-d10661151-Reviews-Citilink",837
"185","CityJet",3.5,"/Airline_Review-d8729053-Reviews-CityJet",402
"186","Citywing [no longer operating]",3.5,"/Airline_Review-d10816882-Reviews-Citywing-No-Longer-Operating",11
"187","CM Airlines",4,"/Airline_Review-d10661143-Reviews-CM-Airlines",24
"188","Cobalt [no longer operating]",3.5,"/Airline_Review-d10816876-Reviews-Cobalt-No-Longer-Operating",505
"189","Colorful GuiZhou Airlines",1,"/Airline_Review-d13804004-Reviews-Colorful-GuiZhou-Airlines",-1
"190","Condor",3,"/Airline_Review-d8729054-Reviews-Condor",5471
"191","Copa Airlines",4,"/Airline_Review-d8729055-Reviews-Copa-Airlines",9274
"192","Copenhagen AirTaxi",1,"/Airline_Review-d12124801-Reviews-Copenhagen-AirTaxi",-1
"193","Corendon Airlines",3,"/Airline_Review-d11831125-Reviews-Corendon-Airlines",1069
"194","Corsair",3.5,"/Airline_Review-d8729056-Reviews-Corsair",1348
"195","Croatia Airlines",3.5,"/Airline_Review-d8729057-Reviews-Croatia-Airlines",804
"196","Cubana de Aviacion",2.5,"/Airline_Review-d8729058-Reviews-Cubana-De-Aviacion",839
"197","Czech Airlines",3,"/Airline_Review-d8728916-Reviews-Czech-Airlines",1813
"198","Daallo Airlines",5,"/Airline_Review-d8728917-Reviews-Daallo-Airlines",1
"199","Dalian Airlines",4.5,"/Airline_Review-d8729209-Reviews-Dalian-Airlines",3
"200","DAT Danish Air Transport",3.5,"/Airline_Review-d10533101-Reviews-DAT-Danish-Air-Transport",278
"201","Delta Air Lines",4,"/Airline_Review-d8729060-Reviews-Delta-Air-Lines",43722
"202","Denver Air Connection",5,"/Airline_Review-d13635957-Reviews-Denver-Air-Connection",3
"203","Dniproavia [no longer operating - merged into Windrose Airlines]",3,"/Airline_Review-d8729062-Reviews-Dniproavia-No-Longer-Operating-Merged-Into-Windrose-Airlines",20
"204","Donghai Airlines",2.5,"/Airline_Review-d8728934-Reviews-Donghai-Airlines",5
"205","Druk Air",4,"/Airline_Review-d8729064-Reviews-Druk-Air",246
"206","Dynamic International Airways",1.5,"/Airline_Review-d10533110-Reviews-Dynamic-International-Airways",95
"207","Eagle Air",4,"/Airline_Review-d12878337-Reviews-Eagle-Air",10
"208","Eastar Jet",3.5,"/Airline_Review-d12124805-Reviews-Eastar-Jet",91
"209","Eastern Airways",3.5,"/Airline_Review-d8729065-Reviews-Eastern-Airways",158
"210","EasyFly",3.5,"/Airline_Review-d13635958-Reviews-EasyFly",42
"211","easyJet",3.5,"/Airline_Review-d8729066-Reviews-EasyJet",40906
"212","Edelweiss Air",4,"/Airline_Review-d8728969-Reviews-Edelweiss-Air",-2
"213","EGYPTAIR",3.5,"/Airline_Review-d8729067-Reviews-EGYPTAIR",2666
"214","El Al Israel Airlines",3.5,"/Airline_Review-d8729068-Reviews-El-Al-Israel-Airlines",3121
"215","Elite Airways",3.5,"/Airline_Review-d10661139-Reviews-Elite-Airways",135
"216","Ellinair",3.5,"/Airline_Review-d10816899-Reviews-Ellinair",649
"217","Emirates",4.5,"/Airline_Review-d8729069-Reviews-Emirates",46096
"218","Enter Air",3.5,"/Airline_Review-d8729070-Reviews-Enter-Air",-2
"219","Equatorial Congo Airlines [no longer operating]",2.5,"/Airline_Review-d8728932-Reviews-Equatorial-Congo-Airlines-No-Longer-Operating",8
"220","Eritrean Airlines",4,"/Airline_Review-d8729071-Reviews-Eritrean-Airlines",2
"221","Ernest",2.5,"/Airline_Review-d15052986-Reviews-Ernest",63
"222","Ethiopian Airlines",3.5,"/Airline_Review-d8729073-Reviews-Ethiopian-Airlines",3953
"223","Etihad Airways",3.5,"/Airline_Review-d8729074-Reviews-Etihad-Airways",12402
"224","Etihad Regional [no longer operating]",3.5,"/Airline_Review-d8728956-Reviews-Etihad-Regional-No-Longer-Operating",64
"225","Euro Atlantic",2.5,"/Airline_Review-d10661146-Reviews-Euro-Atlantic",72
"226","European Coastal Airlines [no longer operating]",2.5,"/Airline_Review-d10533113-Reviews-European-Coastal-Airlines-No-Longer-Operating",25
"227","Eurowings",3,"/Airline_Review-d8729075-Reviews-Eurowings",6824
"228","EVA Air",4.5,"/Airline_Review-d8729076-Reviews-EVA-Air",4967
"229","Evelop",3,"/Airline_Review-d10661145-Reviews-Evelop",809
"230","Far Eastern Air Transport",4.5,"/Airline_Review-d10533117-Reviews-Far-Eastern-Air-Transport",-2
"231","fastjet",3,"/Airline_Review-d8728924-Reviews-Fastjet",233
"232","Fiji Airways",3.5,"/Airline_Review-d8729077-Reviews-Fiji-Airways",1525
"233","Finnair",4,"/Airline_Review-d8729078-Reviews-Finnair",5394
"234","firefly",3.5,"/Airline_Review-d8728946-Reviews-Firefly",-2
"235","First Air",4,"/Airline_Review-d8728885-Reviews-First-Air",41
"236","Flair Airlines",2.5,"/Airline_Review-d13635959-Reviews-Flair-Airlines",566
"237","Fly Baghdad",2,"/Airline_Review-d13150561-Reviews-Fly-Baghdad",2
"238","Fly Corporate",5,"/Airline_Review-d14190665-Reviews-Fly-Corporate",13
"239","Fly Tiwi",2,"/Airline_Review-d12665301-Reviews-Fly-Tiwi",1
"240","Fly540",3,"/Airline_Review-d11831107-Reviews-Fly540",106
"241","Flyadeal",3,"/Airline_Review-d13150562-Reviews-Flyadeal",40
"242","Flybe",3.5,"/Airline_Review-d8728910-Reviews-Flybe",6158
"243","flybmi (formerly bmi regional)",3,"/Airline_Review-d11831104-Reviews-Flybmi-Formerly-Bmi-Regional",374
"244","Flybondi",3.5,"/Airline_Review-d13804001-Reviews-Flybondi",344
"245","flydubai",3,"/Airline_Review-d8729199-Reviews-Flydubai",2194
"246","FlyEgypt",2.5,"/Airline_Review-d13635960-Reviews-FlyEgypt",-2
"247","Flyme",4,"/Airline_Review-d12976996-Reviews-Flyme",16
"248","Flynas",3,"/Airline_Review-d8728950-Reviews-Flynas",296
"249","FLYONE",2,"/Airline_Review-d10816880-Reviews-FLYONE",104
"250","FlyPelican",4,"/Airline_Review-d10823593-Reviews-FlyPelican",14
"251","FlySafair",4,"/Airline_Review-d10661141-Reviews-FlySafair",614
"252","FMIAir",4,"/Airline_Review-d13635961-Reviews-FMIAir",9
"253","French bee",2.5,"/Airline_Review-d11831116-Reviews-French-Bee",636
"254","Frontier Airlines",2.5,"/Airline_Review-d8729213-Reviews-Frontier-Airlines",10419
"255","Fuji Dream Airlines",4,"/Airline_Review-d10533115-Reviews-Fuji-Dream-Airlines",67
"256","Fuzhou Airlines",3.5,"/Airline_Review-d8729200-Reviews-Fuzhou-Airlines",-2
"257","Garuda Indonesia",4,"/Airline_Review-d8729079-Reviews-Garuda-Indonesia",6555
"258","Georgian Airways",3.5,"/Airline_Review-d8729080-Reviews-Georgian-Airways",292
"259","Germania Airlines [no longer operating]",4,"/Airline_Review-d8729081-Reviews-Germania-Airlines-No-Longer-Operating",2540
"260","Germanwings",3.5,"/Airline_Review-d8729082-Reviews-Germanwings",434
"261","GLO Airlines (no longer operating)",5,"/Airline_Review-d10816889-Reviews-GLO-Airlines-No-Longer-Operating",8
"262","GoAir",3.5,"/Airline_Review-d10816887-Reviews-GoAir",819
"263","GOL Airlines",3.5,"/Airline_Review-d8729083-Reviews-GOL-Airlines",14312
"264","Golden Myanmar Airlines",4,"/Airline_Review-d14190666-Reviews-Golden-Myanmar-Airlines",13
"265","Grand China Air",4,"/Airline_Review-d8728930-Reviews-Grand-China-Air",8
"266","Groupe Transair",4,"/Airline_Review-d10824468-Reviews-Groupe-Transair",9
"267","Gulf Air",3.5,"/Airline_Review-d8728943-Reviews-Gulf-Air",1023
"268","Gum Air",4,"/Airline_Review-d12280234-Reviews-Gum-Air",2
"269","GX Airlines",3.5,"/Airline_Review-d8729084-Reviews-GX-Airlines",2
"270","Hainan Airlines",3.5,"/Airline_Review-d8729085-Reviews-Hainan-Airlines",1010
"271","Hawaiian Airlines",4,"/Airline_Review-d8729086-Reviews-Hawaiian-Airlines",5744
"272","Hebei Airlines",3,"/Airline_Review-d8728959-Reviews-Hebei-Airlines",10
"273","Helvetic Airways",4,"/Airline_Review-d8729087-Reviews-Helvetic-Airways",221
"274","Himalaya Airlines",2,"/Airline_Review-d15052987-Reviews-Himalaya-Airlines",1
"275","HK Express",3,"/Airline_Review-d8729214-Reviews-HK-Express",1165
"276","Hong Kong Airlines",3.5,"/Airline_Review-d8728935-Reviews-Hong-Kong-Airlines",1341
"277","Hongtu Airlines",5,"/Airline_Review-d13803999-Reviews-Hongtu-Airlines",1
"278","HOP!",3.5,"/Airline_Review-d8728906-Reviews-HOP",1268
"279","Hunnu Air",4,"/Airline_Review-d12878338-Reviews-Hunnu-Air",11
"280","IBC Airways",4,"/Airline_Review-d10533089-Reviews-IBC-Airways",1
"281","Iberia",3,"/Airline_Review-d8729089-Reviews-Iberia",14722
"282","Iberia Express",3.5,"/Airline_Review-d10823588-Reviews-Iberia-Express",2317
"283","IBEX",3.5,"/Airline_Review-d13804002-Reviews-IBEX",9
"284","Icelandair",3.5,"/Airline_Review-d8728914-Reviews-Icelandair",5687
"285","IndiGo",4,"/Airline_Review-d8729090-Reviews-IndiGo",5718
"286","InselAir",1.5,"/Airline_Review-d11831122-Reviews-InselAir",255
"287","interCaribbean",2,"/Airline_Review-d12878330-Reviews-InterCaribbean",60
"288","Interjet",3.5,"/Airline_Review-d8729091-Reviews-Interjet",4276
"289","IrAero",4,"/Airline_Review-d13635962-Reviews-IrAero",7
"290","Iran Aseman Airlines",3.5,"/Airline_Review-d8729092-Reviews-Iran-Aseman-Airlines",72
"291","IranAir",3.5,"/Airline_Review-d8729093-Reviews-IranAir",159
"292","Iraqi Airways",3.5,"/Airline_Review-d8729094-Reviews-Iraqi-Airways",-2
"293","Island Air [no longer operating]",3.5,"/Airline_Review-d10533119-Reviews-Island-Air-No-Longer-Operating",-2
"294","Israir",3,"/Airline_Review-d10816883-Reviews-Israir",242
"295","Izhavia",3,"/Airline_Review-d14190681-Reviews-Izhavia",3
"296","Jambojet",3.5,"/Airline_Review-d8728905-Reviews-Jambojet",146
"297","Japan Airlines (JAL)",4.5,"/Airline_Review-d8729095-Reviews-Japan-Airlines-JAL",6722
"298","Jazeera Airways",3,"/Airline_Review-d8729201-Reviews-Jazeera-Airways",146
"299","JC Cambodia",3.5,"/Airline_Review-d13635963-Reviews-JC-Cambodia",29
"300","Jeju Air",3.5,"/Airline_Review-d8728913-Reviews-Jeju-Air",614
"301","Jet Airways",3.5,"/Airline_Review-d8729097-Reviews-Jet-Airways",11435
"302","Jet2.com",4.5,"/Airline_Review-d8729098-Reviews-Jet2com",19299
"303","JetBlue",4,"/Airline_Review-d8729099-Reviews-JetBlue",13036
"304","JETGO",3.5,"/Airline_Review-d12665298-Reviews-JETGO",104
"305","JetSmart",3.5,"/Airline_Review-d13635964-Reviews-JetSmart",198
"306","Jetstar Airways - Australia & New Zealand",3,"/Airline_Review-d8729146-Reviews-Jetstar-Airways-Australia-New-Zealand",9265
"307","Jetstar Asia Airways - Singapore",3.5,"/Airline_Review-d8729042-Reviews-Jetstar-Asia-Airways-Singapore",1436
"308","Jetstar Japan",3,"/Airline_Review-d8728896-Reviews-Jetstar-Japan",798
"309","Jetstar Pacific Airlines - Vietnam",2.5,"/Airline_Review-d8728907-Reviews-Jetstar-Pacific-Airlines-Vietnam",823
"310","JetSuiteX",4.5,"/Airline_Review-d10661138-Reviews-JetSuiteX",56
"311","Jetways Airlines, Kenya [NOT Jet Airways of India]",1.5,"/Airline_Review-d13804009-Reviews-Jetways-Airlines-Kenya-NOT-Jet-Airways-Of-India",3
"312","Jiangxi Air",1,"/Airline_Review-d13804007-Reviews-Jiangxi-Air",-1
"313","Jin Air",4,"/Airline_Review-d12878340-Reviews-Jin-Air",141
"314","Jordan Aviation",2.5,"/Airline_Review-d8728948-Reviews-Jordan-Aviation",26
"315","Joy Air",3,"/Airline_Review-d8728977-Reviews-Joy-Air",2
"316","Jubba Airways",3,"/Airline_Review-d8729100-Reviews-Jubba-Airways",9
"317","Juneyao Airlines",3.5,"/Airline_Review-d8728967-Reviews-Juneyao-Airlines",154
"318","Kalstar Aviation",3.5,"/Airline_Review-d11831105-Reviews-Kalstar-Aviation",20
"319","Kam Air",3,"/Airline_Review-d8729101-Reviews-Kam-Air",10
"320","Kan Airlines",3.5,"/Airline_Review-d8728958-Reviews-Kan-Airlines",-2
"321","Kenya Airways",3.5,"/Airline_Review-d8729102-Reviews-Kenya-Airways",-2
"322","Kish Air",3.5,"/Airline_Review-d8729103-Reviews-Kish-Air",-2
"323","KLM Royal Dutch Airlines",4,"/Airline_Review-d8729104-Reviews-KLM-Royal-Dutch-Airlines",-2
"324","Korean Air",4.5,"/Airline_Review-d8729105-Reviews-Korean-Air",-2
"325","KrasAvia",1,"/Airline_Review-d12976997-Reviews-KrasAvia",-1
"326","Kulula",3.5,"/Airline_Review-d10533103-Reviews-Kulula",-2
"327","Kunming Airlines",3.5,"/Airline_Review-d8729106-Reviews-Kunming-Airlines",-2
"328","Kuwait Airways",3,"/Airline_Review-d8729107-Reviews-Kuwait-Airways",-2
"329","La Compagnie",4,"/Airline_Review-d10533118-Reviews-La-Compagnie",-2
"330","La Costena",2.5,"/Airline_Review-d12878335-Reviews-La-Costena",-2
"331","LAM Mozambique",2.5,"/Airline_Review-d10823585-Reviews-LAM-Mozambique",-2
"332","LAN Airlines (now LATAM Airlines)",4,"/Airline_Review-d8729108-Reviews-LAN-Airlines-Now-LATAM-Airlines",3285
"333","Lanmei Airlines",3,"/Airline_Review-d13150563-Reviews-Lanmei-Airlines",78
"334","Lao Airlines",4,"/Airline_Review-d8729109-Reviews-Lao-Airlines",341
"335","Lao Skyway",3.5,"/Airline_Review-d12280241-Reviews-Lao-Skyway",38
"336","Laser Airlines",3.5,"/Airline_Review-d12665309-Reviews-Laser-Airlines",99
"337","LATAM Airlines",3.5,"/Airline_Review-d10290698-Reviews-LATAM-Airlines",31824
"338","Latin American Wings [no longer operating]",1.5,"/Airline_Review-d12976998-Reviews-Latin-American-Wings-No-Longer-Operating",29
"339","Laudamotion",3,"/Airline_Review-d14190667-Reviews-Laudamotion",450
"340","LCPeru",2.5,"/Airline_Review-d10823584-Reviews-LCPeru",300
"341","LEVEL",3,"/Airline_Review-d12665310-Reviews-LEVEL",1136
"342","LIAT",2.5,"/Airline_Review-d8728900-Reviews-LIAT",-2
"343","Libyan Airlines",3,"/Airline_Review-d8729110-Reviews-Libyan-Airlines",-2
"344","Lion Air",3,"/Airline_Review-d8729111-Reviews-Lion-Air",-2
"345","Loganair",4,"/Airline_Review-d14190668-Reviews-Loganair",-2
"346","Longjiang - LJ Air",1,"/Airline_Review-d12976999-Reviews-Longjiang-LJ-Air",-1
"347","Loong Air",5,"/Airline_Review-d8729202-Reviews-Loong-Air",-2
"348","LOT Polish Airlines",3.5,"/Airline_Review-d8729112-Reviews-LOT-Polish-Airlines",-2
"349","Lucky Air",3,"/Airline_Review-d8728960-Reviews-Lucky-Air",-2
"350","Lufthansa",4,"/Airline_Review-d8729113-Reviews-Lufthansa",-2
"351","Luxair",4,"/Airline_Review-d8729114-Reviews-Luxair",-2
"352","Magnicharters",4.5,"/Airline_Review-d11831108-Reviews-Magnicharters",267
"353","Mahan Air",4,"/Airline_Review-d8729115-Reviews-Mahan-Air",433
"354","Malaysia Airlines",3.5,"/Airline_Review-d8729116-Reviews-Malaysia-Airlines",5853
"355","Maldivian",3,"/Airline_Review-d12878339-Reviews-Maldivian",47
"356","Malindo Air",3.5,"/Airline_Review-d8729203-Reviews-Malindo-Air",2528
"357","Mandarin Airlines",4,"/Airline_Review-d10533116-Reviews-Mandarin-Airlines",51
"358","Mango",3.5,"/Airline_Review-d8729204-Reviews-Mango",916
"359","Mann Yadanarpon Airlines",4,"/Airline_Review-d12124794-Reviews-Mann-Yadanarpon-Airlines",59
"360","Mauritania Airlines",3,"/Airline_Review-d15052988-Reviews-Mauritania-Airlines",2
"361","Maya Island Air",4.5,"/Airline_Review-d8729117-Reviews-Maya-Island-Air",142
"362","Mayair",4,"/Airline_Review-d13635965-Reviews-Mayair",25
"363","MIAT Mongolian Airlines",3.5,"/Airline_Review-d8729118-Reviews-MIAT-Mongolian-Airlines",165
"364","Middle East Airlines",4,"/Airline_Review-d8729119-Reviews-Middle-East-Airlines",562
"365","Mistral Air",2.5,"/Airline_Review-d8728933-Reviews-Mistral-Air",301
"366","Mokulele Airlines",4.5,"/Airline_Review-d10533090-Reviews-Mokulele-Airlines",137
"367","Monarch [no longer operating]",4,"/Airline_Review-d8729192-Reviews-Monarch-No-Longer-Operating",3161
"368","Montenegro Airlines",3.5,"/Airline_Review-d8729120-Reviews-Montenegro-Airlines",247
"369","Myanmar Airways International",4,"/Airline_Review-d8729121-Reviews-Myanmar-Airways-International",55
"370","Myanmar National Airlines",4,"/Airline_Review-d12124802-Reviews-Myanmar-National-Airlines",122
"371","Nature Air (no longer operating)",1,"/Airline_Review-d13803996-Reviews-Nature-Air-No-Longer-Operating",29
"372","Nauru Airlines",3,"/Airline_Review-d10661152-Reviews-Nauru-Airlines",-2
"373","Neos",3.5,"/Airline_Review-d10816881-Reviews-Neos",-2
"374","Nepal Airlines",3.5,"/Airline_Review-d8729122-Reviews-Nepal-Airlines",-2
"375","NewGen Airways",1,"/Airline_Review-d13804000-Reviews-NewGen-Airways",-1
"376","NewLeaf [no longer operating - merged into Flair Airlines]",1.5,"/Airline_Review-d12665303-Reviews-NewLeaf-No-Longer-Operating-Merged-Into-Flair-Airlines",-2
"377","Nextjet [no longer operating]",3,"/Airline_Review-d8728882-Reviews-Nextjet-No-Longer-Operating",-2
"378","Niki [no longer operating]",3,"/Airline_Review-d8729123-Reviews-Niki-No-Longer-Operating",-2
"379","Nile Air",3,"/Airline_Review-d11831100-Reviews-Nile-Air",-2
"380","Nok Air",3.5,"/Airline_Review-d8729124-Reviews-Nok-Air",-2
"381","NokScoot",3.5,"/Airline_Review-d8728888-Reviews-NokScoot",-2
"382","Nordavia",3,"/Airline_Review-d8728883-Reviews-Nordavia",208
"383","Nordica",3.5,"/Airline_Review-d10533122-Reviews-Nordica",87
"384","Nordstar Airlines",3.5,"/Airline_Review-d8728937-Reviews-Nordstar-Airlines",176
"385","Nordwind Airlines",3,"/Airline_Review-d10823589-Reviews-Nordwind-Airlines",925
"386","Norwegian",3.5,"/Airline_Review-d8729125-Reviews-Norwegian",20292
"387","Nouvel Air Tunise",2.5,"/Airline_Review-d8729126-Reviews-Nouvel-Air-Tunise",515
"388","NOVOAIR",4.5,"/Airline_Review-d15052989-Reviews-NOVOAIR",17
"389","Okay Airways",3.5,"/Airline_Review-d8729205-Reviews-Okay-Airways",16
"390","Olympic Air [NOT the same as Olympus Airways]",3.5,"/Airline_Review-d8728889-Reviews-Olympic-Air-NOT-The-Same-As-Olympus-Airways",720
"391","Oman Air",3.5,"/Airline_Review-d8729127-Reviews-Oman-Air",3059
"392","Onur Air",2.5,"/Airline_Review-d12878331-Reviews-Onur-Air",526
"393","OpenSkies [no longer operating]",3.5,"/Airline_Review-d8728981-Reviews-OpenSkies-No-Longer-Operating",110
"394","Orbest",3.5,"/Airline_Review-d10661144-Reviews-Orbest",280
"395","Orient Thai Airlines",4,"/Airline_Review-d8729128-Reviews-Orient-Thai-Airlines",36
"396","Pacific Coastal Airlines",3.5,"/Airline_Review-d10816894-Reviews-Pacific-Coastal-Airlines",92
"397","Pakistan International Airlines",3,"/Airline_Review-d8729129-Reviews-Pakistan-International-Airlines",298
"398","PAL Airlines (Canada)",4,"/Airline_Review-d13150564-Reviews-PAL-Airlines-Canada",16
"399","Pascan",4.5,"/Airline_Review-d12977000-Reviews-Pascan",5
"400","Passaredo Linhas Aereas",3,"/Airline_Review-d10533107-Reviews-Passaredo-Linhas-Aereas",234
"401","PAWA Dominicana [no longer operating]",2.5,"/Airline_Review-d11831120-Reviews-PAWA-Dominicana-No-Longer-Operating",120
"402","Peach Aviation",3.5,"/Airline_Review-d8728940-Reviews-Peach-Aviation",1094
"403","Pegas Fly",3.5,"/Airline_Review-d12977001-Reviews-Pegas-Fly",141
"404","Pegasus Airlines",3,"/Airline_Review-d8728979-Reviews-Pegasus-Airlines",3954
"405","Penobscot Island Air",5,"/Airline_Review-d11831118-Reviews-Penobscot-Island-Air",3
"406","People's Airline",5,"/Airline_Review-d12665308-Reviews-Peoples-Airline",20
"407","Peruvian Airlines",2.5,"/Airline_Review-d10533093-Reviews-Peruvian-Airlines",669
"408","Philippine Airlines (PAL)",3.5,"/Airline_Review-d8729130-Reviews-Philippine-Airlines-PAL",3380
"409","Plus Ultra",2.5,"/Airline_Review-d12280243-Reviews-Plus-Ultra",310
"410","PNG Air",2.5,"/Airline_Review-d10816878-Reviews-PNG-Air",17
"411","Pobeda",3,"/Airline_Review-d8728884-Reviews-Pobeda",2137
"412","Porter Airlines",3.5,"/Airline_Review-d8728944-Reviews-Porter-Airlines",1465
"413","Precision Air",3,"/Airline_Review-d8729131-Reviews-Precision-Air",-2
"414","Primera Air [no longer operating]",3,"/Airline_Review-d8729132-Reviews-Primera-Air-No-Longer-Operating",1884
"415","Proflight Zambia",4,"/Airline_Review-d12878341-Reviews-Proflight-Zambia",34
"416","Qantas",4,"/Airline_Review-d8729133-Reviews-Qantas",15007
"417","Qatar Airways",4,"/Airline_Review-d8729134-Reviews-Qatar-Airways",21490
"418","QAZAQ AIR",3,"/Airline_Review-d14190669-Reviews-QAZAQ-AIR",8
"419","Qeshm Airlines",3.5,"/Airline_Review-d8728954-Reviews-Qeshm-Airlines",49
"420","Qingdao Airlines",4,"/Airline_Review-d8728963-Reviews-Qingdao-Airlines",4
"421","Ravn Alaska",3.5,"/Airline_Review-d13635966-Reviews-Ravn-Alaska",31
"422","REALtonga",3,"/Airline_Review-d10816879-Reviews-REALtonga",19
"423","Red Wings",3.5,"/Airline_Review-d12124798-Reviews-Red-Wings",-2
"424","Regent Airways",3.5,"/Airline_Review-d8729135-Reviews-Regent-Airways",102
"425","Regional Air",3,"/Airline_Review-d10533108-Reviews-Regional-Air",5
"426","Regional Express Airlines",4,"/Airline_Review-d8729193-Reviews-Regional-Express-Airlines",326
"427","Rossiya Russian Airlines",3.5,"/Airline_Review-d8728941-Reviews-Rossiya-Russian-Airlines",1913
"428","Royal Air Maroc",3,"/Airline_Review-d8729136-Reviews-Royal-Air-Maroc",3137
"429","Royal Brunei Airlines",4,"/Airline_Review-d8729137-Reviews-Royal-Brunei-Airlines",764
"430","Royal Jordanian",3.5,"/Airline_Review-d8729138-Reviews-Royal-Jordanian",1425
"431","Ruili Airlines",2.5,"/Airline_Review-d8729139-Reviews-Ruili-Airlines",3
"432","RusLine",3.5,"/Airline_Review-d11831123-Reviews-RusLine",92
"433","RwandAir",3.5,"/Airline_Review-d8729140-Reviews-RwandAir",349
"434","Ryanair",3,"/Airline_Review-d8729141-Reviews-Ryanair",58507
"435","S7 airlines",4,"/Airline_Review-d8728939-Reviews-S7-Airlines",3149
"436","Safarilink",4,"/Airline_Review-d13150565-Reviews-Safarilink",29
"437","Safi Airways",4,"/Airline_Review-d8728968-Reviews-Safi-Airways",8
"438","SalamAir",1.5,"/Airline_Review-d12878332-Reviews-SalamAir",65
"439","Samoa Airlines",3,"/Airline_Review-d13635967-Reviews-Samoa-Airlines",30
"440","San German Express",4.5,"/Airline_Review-d11831131-Reviews-San-German-Express",2
"441","SANSA",3,"/Airline_Review-d10533104-Reviews-SANSA",155
"442","Saratov/Ivolga [no longer operating]",3.5,"/Airline_Review-d12977002-Reviews-SaratovIvolga-No-Longer-Operating",9
"443","SAS",3.5,"/Airline_Review-d8729142-Reviews-SAS",7467
"444","SATA - Azores Airlines",3,"/Airline_Review-d8729143-Reviews-SATA-Azores-Airlines",1144
"445","SATENA Colombia",4,"/Airline_Review-d12124800-Reviews-SATENA-Colombia",65
"446","Saudia Airlines",3.5,"/Airline_Review-d8729144-Reviews-Saudia-Airlines",2387
"447","SaudiGulf Airlines",4.5,"/Airline_Review-d12878333-Reviews-SaudiGulf-Airlines",19
"448","SCAT Airlines",2.5,"/Airline_Review-d12665297-Reviews-SCAT-Airlines",78
"449","Scoot",3,"/Airline_Review-d8728980-Reviews-Scoot",3390
"450","Scoot [previously tigerair Singapore]",3.5,"/Airline_Review-d8729221-Reviews-Scoot-Previously-Tigerair-Singapore",687
"451","Seaborne Airlines",2,"/Airline_Review-d10533125-Reviews-Seaborne-Airlines",192
"452","SereneAir",4,"/Airline_Review-d13635968-Reviews-SereneAir",17
"453","Sevenair/AeroVIP",4,"/Airline_Review-d11831128-Reviews-SevenairAeroVIP",9
"454","Severstal Air Company",4,"/Airline_Review-d11831109-Reviews-Severstal-Air-Company",18
"455","Shaheen Air International",3.5,"/Airline_Review-d8729145-Reviews-Shaheen-Air-International",32
"456","Shandong Airlines",3.5,"/Airline_Review-d8729147-Reviews-Shandong-Airlines",89
"457","Shanghai Airlines",3,"/Airline_Review-d8729148-Reviews-Shanghai-Airlines",229
"458","Sharp Airlines",4.5,"/Airline_Review-d13804008-Reviews-Sharp-Airlines",11
"459","Shenzhen Airlines",3.5,"/Airline_Review-d8729215-Reviews-Shenzhen-Airlines",203
"460","Sichuan Airlines",3.5,"/Airline_Review-d8729149-Reviews-Sichuan-Airlines",245
"461","SilkAir",4,"/Airline_Review-d8729150-Reviews-SilkAir",1542
"462","Silver Airways",2.5,"/Airline_Review-d8728925-Reviews-Silver-Airways",-2
"463","Silverstone Air",3.5,"/Airline_Review-d13150566-Reviews-Silverstone-Air",-2
"464","Simrik Airlines",2.5,"/Airline_Review-d12665307-Reviews-Simrik-Airlines",-2
"465","Singapore Airlines",4.5,"/Airline_Review-d8729151-Reviews-Singapore-Airlines",-2
"466","Sky Airline",3.5,"/Airline_Review-d10533088-Reviews-Sky-Airline",-2
"467","Sky Angkor Airlines",4.5,"/Airline_Review-d13804011-Reviews-Sky-Angkor-Airlines",-2
"468","Sky Express Airline",3,"/Airline_Review-d10533112-Reviews-Sky-Express-Airline",-2
"469","Sky Shuttle",1,"/Airline_Review-d10816898-Reviews-Sky-Shuttle",-1
"470","Skyjet Airlines",2.5,"/Airline_Review-d11831106-Reviews-Skyjet-Airlines",-2
"471","Skymark Airlines",4,"/Airline_Review-d8729152-Reviews-Skymark-Airlines",-2
"472","SkyWork Airlines [no longer operating]",4,"/Airline_Review-d11831121-Reviews-SkyWork-Airlines-No-Longer-Operating",129
"473","Small Planet Airlines [no longer operating",3,"/Airline_Review-d10533121-Reviews-Small-Planet-Airlines-No-Longer-Operating",3395
"474","SmartWings",3,"/Airline_Review-d8729153-Reviews-SmartWings",1861
"475","Solaseed Air",4,"/Airline_Review-d8728974-Reviews-Solaseed-Air",133
"476","Solomon Airlines",4,"/Airline_Review-d10533091-Reviews-Solomon-Airlines",34
"477","Somon Air",3,"/Airline_Review-d8729154-Reviews-Somon-Air",22
"478","Sosa (Aerolineas Sosa)",1.5,"/Airline_Review-d10816893-Reviews-Sosa-Aerolineas-Sosa",26
"479","Sounds Air",5,"/Airline_Review-d10816896-Reviews-Sounds-Air",38
"480","South African Airways",3.5,"/Airline_Review-d8729155-Reviews-South-African-Airways",3841
"481","Southern Airways Express",3.5,"/Airline_Review-d12665300-Reviews-Southern-Airways-Express",73
"482","Southwest Airlines",4.5,"/Airline_Review-d8729156-Reviews-Southwest-Airlines",33246
"483","SpiceJet",3,"/Airline_Review-d8728949-Reviews-SpiceJet",2476
"484","Spirit Airlines",2.5,"/Airline_Review-d8729157-Reviews-Spirit-Airlines",11309
"485","Spring Airlines",3,"/Airline_Review-d8728929-Reviews-Spring-Airlines",264
"486","Spring Airlines Japan",3.5,"/Airline_Review-d8729206-Reviews-Spring-Airlines-Japan",-2
"487","SprintAir (Polish airline)",2.5,"/Airline_Review-d12280242-Reviews-SprintAir-Polish-Airline",3
"488","SriLankan Airlines",3.5,"/Airline_Review-d8729216-Reviews-SriLankan-Airlines",2469
"489","Sriwijaya Air",3,"/Airline_Review-d10661149-Reviews-Sriwijaya-Air",595
"490","St Barth Commuter",4.5,"/Airline_Review-d10533086-Reviews-St-Barth-Commuter",12
"491","Star Peru",2.5,"/Airline_Review-d10533098-Reviews-Star-Peru",173
"492","Starbow [no longer operating]",3.5,"/Airline_Review-d12124803-Reviews-Starbow-No-Longer-Operating",4
"493","Starflyer",4.5,"/Airline_Review-d8728965-Reviews-Starflyer",182
"494","Sudan Airways",3,"/Airline_Review-d8729158-Reviews-Sudan-Airways",5
"495","Sun Air Express",3.5,"/Airline_Review-d10661147-Reviews-Sun-Air-Express",158
"496","Sun Country Airlines",3.5,"/Airline_Review-d8700105-Reviews-Sun-Country-Airlines",1776
"497","SunExpress",3,"/Airline_Review-d8729217-Reviews-SunExpress",1553
"498","Sunrise Airways",3,"/Airline_Review-d13150567-Reviews-Sunrise-Airways",15
"499","Sunwing Airlines",3,"/Airline_Review-d8729159-Reviews-Sunwing-Airlines",5331
"500","Suparna Airlines",4.5,"/Airline_Review-d13804010-Reviews-Suparna-Airlines",2
"501","Surinam Airways",3,"/Airline_Review-d8728899-Reviews-Surinam-Airways",126
"502","Swiss International Air Lines",4,"/Airline_Review-d8729160-Reviews-Swiss-International-Air-Lines",10421
"503","Swoop",3.5,"/Airline_Review-d15052990-Reviews-Swoop",277
"504","SyrianAir",3.5,"/Airline_Review-d8729218-Reviews-SyrianAir",4
"505","T'Way Airlines",3.5,"/Airline_Review-d12124804-Reviews-TWay-Airlines",204
"506","TAAG Angola Airlines",3,"/Airline_Review-d8729161-Reviews-TAAG-Angola-Airlines",396
"507","Taban Air",3,"/Airline_Review-d8728951-Reviews-Taban-Air",20
"508","TACV Cabo Verde Airlines",2.5,"/Airline_Review-d8729162-Reviews-TACV-Cabo-Verde-Airlines",306
"509","TAG",4,"/Airline_Review-d15052991-Reviews-TAG",9
"510","Tailwind Airlines",3.5,"/Airline_Review-d14190670-Reviews-Tailwind-Airlines",64
"511","Tajik Air",3.5,"/Airline_Review-d13803997-Reviews-Tajik-Air",5
"512","TAM Airlines Brazil",4,"/Airline_Review-d8729163-Reviews-TAM-Airlines-Brazil",5409
"513","TAME Vuela Ecuador",2.5,"/Airline_Review-d10533111-Reviews-TAME-Vuela-Ecuador",449
"514","TAP Portugal",3.5,"/Airline_Review-d8729164-Reviews-TAP-Portugal",14164
"515","TAR Aerolineas",3.5,"/Airline_Review-d12665299-Reviews-TAR-Aerolineas",158
"516","TAROM",3.5,"/Airline_Review-d8729165-Reviews-TAROM",856
"517","Thai Airways",4,"/Airline_Review-d8729166-Reviews-Thai-Airways",11869
"518","Thai Lion Air",3,"/Airline_Review-d10816884-Reviews-Thai-Lion-Air",852
"519","THAI Smile Airways",4.5,"/Airline_Review-d8729212-Reviews-THAI-Smile-Airways",3836
"520","Thomas Cook Airlines (UK)",3.5,"/Airline_Review-d8728952-Reviews-Thomas-Cook-Airlines-UK",11770
"521","Thomas Cook Airlines Belgium [no longer operating]",3.5,"/Airline_Review-d11831114-Reviews-Thomas-Cook-Airlines-Belgium-No-Longer-Operating",164
"522","Thomas Cook Airlines Scandinavia",4,"/Airline_Review-d11831115-Reviews-Thomas-Cook-Airlines-Scandinavia",843
"523","Tianjin Airlines",3.5,"/Airline_Review-d8728953-Reviews-Tianjin-Airlines",58
"524","Tiara Air Aruba",2.5,"/Airline_Review-d8728890-Reviews-Tiara-Air-Aruba",4
"525","Tibet Airlines",3.5,"/Airline_Review-d8729168-Reviews-Tibet-Airlines",18
"526","tigerair australia",3,"/Airline_Review-d8729043-Reviews-Tigerair-Australia",2309
"527","tigerair taiwan",4,"/Airline_Review-d8728897-Reviews-Tigerair-Taiwan",600
"528","Tradewind Aviation",5,"/Airline_Review-d10533087-Reviews-Tradewind-Aviation",24
"529","Trans Guyana",3.5,"/Airline_Review-d12280233-Reviews-Trans-Guyana",3
"530","Trans Maldivian",4,"/Airline_Review-d11831127-Reviews-Trans-Maldivian",124
"531","Transavia",3.5,"/Airline_Review-d8729171-Reviews-Transavia",47662
"532","TransNusa",3,"/Airline_Review-d15052992-Reviews-TransNusa",2
"533","Trigana Air Service",3.5,"/Airline_Review-d10816895-Reviews-Trigana-Air-Service",39
"534","Tropic Air Belize",4.5,"/Airline_Review-d10533105-Reviews-Tropic-Air-Belize",211
"535","Trujet",3,"/Airline_Review-d12665306-Reviews-Trujet",52
"536","TUI Airlines Netherlands",3.5,"/Airline_Review-d8729195-Reviews-TUI-Airlines-Netherlands",1462
"537","TUI Airways (United Kingdom)",3.5,"/Airline_Review-d8729167-Reviews-TUI-Airways-United-Kingdom",13129
"538","TUI fly Belgium (formerly Jetairfly)",3.5,"/Airline_Review-d8869165-Reviews-TUI-Fly-Belgium-Formerly-Jetairfly",-2
"539","TUIfly (Germany)",3,"/Airline_Review-d8729172-Reviews-TUIfly-Germany",2428
"540","Tunisair",3,"/Airline_Review-d8729173-Reviews-Tunisair",1617
"541","Turkish Airlines",4,"/Airline_Review-d8729174-Reviews-Turkish-Airlines",21742
"542","Turkmenistan Airlines",3.5,"/Airline_Review-d8729175-Reviews-Turkmenistan-Airlines",166
"543","Tus Air",2.5,"/Airline_Review-d12124795-Reviews-Tus-Air",154
"544","Twin Jet",4,"/Airline_Review-d12280237-Reviews-Twin-Jet",23
"545","Ukraine International Airlines",3,"/Airline_Review-d8729176-Reviews-Ukraine-International-Airlines",2578
"546","Uni Air",4.5,"/Airline_Review-d10823592-Reviews-Uni-Air",63
"547","United Airlines",3,"/Airline_Review-d8729177-Reviews-United-Airlines",37603
"548","Ural Airlines",3,"/Airline_Review-d8729178-Reviews-Ural-Airlines",1803
"549","Urumqi Air",3.5,"/Airline_Review-d8728945-Reviews-Urumqi-Air",3
"550","US-Bangla Airlines",4,"/Airline_Review-d10661140-Reviews-USBangla-Airlines",82
"551","Utair",3,"/Airline_Review-d8729219-Reviews-Utair",885
"552","Uzbekistan Airways",3.5,"/Airline_Review-d8729179-Reviews-Uzbekistan-Airways",454
"553","Vanilla Air",3.5,"/Airline_Review-d8728982-Reviews-Vanilla-Air",718
"554","VASCO",3.5,"/Airline_Review-d11831117-Reviews-VASCO",12
"555","Veca Airlines [no longer operating]",4,"/Airline_Review-d10533123-Reviews-Veca-Airlines-No-Longer-Operating",12
"556","Via Air",2,"/Airline_Review-d13635970-Reviews-Via-Air",159
"557","Vieques Air Link",4,"/Airline_Review-d8728901-Reviews-Vieques-Air-Link",52
"558","VietJetAir",3,"/Airline_Review-d8728891-Reviews-VietJetAir",2502
"559","Vietnam Airlines",4,"/Airline_Review-d8729180-Reviews-Vietnam-Airlines",5714
"560","Vim Airlines [no longer operating]",3,"/Airline_Review-d10823594-Reviews-Vim-Airlines-No-Longer-Operating",161
"561","Virgin America (now Alaska Airlines)",4,"/Airline_Review-d8729181-Reviews-Virgin-America-Now-Alaska-Airlines",2176
"562","Virgin Atlantic Airways",4,"/Airline_Review-d8729182-Reviews-Virgin-Atlantic-Airways",11248
"563","Virgin Australia",4,"/Airline_Review-d8728931-Reviews-Virgin-Australia",8759
"564","Vistara",4.5,"/Airline_Review-d8729207-Reviews-Vistara",-2
"565","Viva Aerobus",3,"/Airline_Review-d10533096-Reviews-Viva-Aerobus",-2
"566","Viva Air (Colombia)",2.5,"/Airline_Review-d10661148-Reviews-Viva-Air-Colombia",926
"567","Viva Air (Peru)",1.5,"/Airline_Review-d14190671-Reviews-Viva-Air-Peru",271
"568","VLM Airlines [no longer operating]",3,"/Airline_Review-d14190672-Reviews-VLM-Airlines-No-Longer-Operating",9
"569","Volaris",3,"/Airline_Review-d8729184-Reviews-Volaris",3948
"570","Volotea",3.5,"/Airline_Review-d10533097-Reviews-Volotea",9350
"571","Vueling Airlines",3,"/Airline_Review-d8729185-Reviews-Vueling-Airlines",19430
"572","Wamos Air",2.5,"/Airline_Review-d10816891-Reviews-Wamos-Air",-2
"573","Wantaniya Airways [no longer operating]",1,"/Airline_Review-d12977003-Reviews-Wantaniya-Airways-No-Longer-Operating",-2
"574","Wasaya Airways",1,"/Airline_Review-d12878334-Reviews-Wasaya-Airways",-1
"575","West Air",3.5,"/Airline_Review-d8728942-Reviews-West-Air",-2
"576","WestJet",4,"/Airline_Review-d8729186-Reviews-WestJet",-2
"577","Wideroe",4,"/Airline_Review-d10533102-Reviews-Wideroe",-2
"578","Winair",3,"/Airline_Review-d8728880-Reviews-Winair",-2
"579","Windrose Air",4,"/Airline_Review-d13635969-Reviews-Windrose-Air",-2
"580","Wingo",3.5,"/Airline_Review-d12977004-Reviews-Wingo",-2
"581","Wings Air",2.5,"/Airline_Review-d12280231-Reviews-Wings-Air",-2
"582","Wizz Air",3,"/Airline_Review-d8729187-Reviews-Wizz-Air",-2
"583","WOW air",3,"/Airline_Review-d8728919-Reviews-WOW-Air",-2
"584","Xiamen Airlines",3.5,"/Airline_Review-d8729188-Reviews-Xiamen-Airlines",-2
"585","XL Airways",2.5,"/Airline_Review-d10533099-Reviews-XL-Airways",-2
"586","Xpressair",1,"/Airline_Review-d14190673-Reviews-Xpressair",-1
"587","Yakutia Air",3.5,"/Airline_Review-d8728881-Reviews-Yakutia-Air",-2
"588","Yamal Airlines",3.5,"/Airline_Review-d12665302-Reviews-Yamal-Airlines",-2
"589","Yanair",2.5,"/Airline_Review-d11831103-Reviews-Yanair",-2
"590","Yemenia",2.5,"/Airline_Review-d8729189-Reviews-Yemenia",-2
"591","Yeti Airlines",4,"/Airline_Review-d8728887-Reviews-Yeti-Airlines",-2
